[
    {
        "user_id": 8,
        "product_id": 19,
        "quantity": 1,
        "create_time": "2024-11-30T01:03:46.232680",
        "update_time": "2024-11-30T01:03:46.232692"
    },
    {
        "user_id": 5,
        "product_id": 15,
        "quantity": 9,
        "create_time": "2024-11-30T01:03:46.232695",
        "update_time": "2024-11-30T01:03:46.232696"
    },
    {
        "user_id": 10,
        "product_id": 11,
        "quantity": 6,
        "create_time": "2024-11-30T01:03:46.232699",
        "update_time": "2024-11-30T01:03:46.232700"
    },
    {
        "user_id": 10,
        "product_id": 19,
        "quantity": 4,
        "create_time": "2024-11-30T01:03:46.232702",
        "update_time": "2024-11-30T01:03:46.232703"
    },
    {
        "user_id": 2,
        "product_id": 4,
        "quantity": 1,
        "create_time": "2024-11-30T01:03:46.232706",
        "update_time": "2024-11-30T01:03:46.232707"
    },
    {
        "user_id": 15,
        "product_id": 5,
        "quantity": 3,
        "create_time": "2024-11-30T01:03:46.232709",
        "update_time": "2024-11-30T01:03:46.232710"
    },
    {
        "user_id": 18,
        "product_id": 3,
        "quantity": 7,
        "create_time": "2024-11-30T01:03:46.232713",
        "update_time": "2024-11-30T01:03:46.232714"
    },
    {
        "user_id": 6,
        "product_id": 12,
        "quantity": 9,
        "create_time": "2024-11-30T01:03:46.232716",
        "update_time": "2024-11-30T01:03:46.232717"
    },
    {
        "user_id": 12,
        "product_id": 2,
        "quantity": 10,
        "create_time": "2024-11-30T01:03:46.232720",
        "update_time": "2024-11-30T01:03:46.232721"
    },
    {
        "user_id": 20,
        "product_id": 20,
        "quantity": 5,
        "create_time": "2024-11-30T01:03:46.232723",
        "update_time": "2024-11-30T01:03:46.232724"
    },
    {
        "user_id": 20,
        "product_id": 5,
        "quantity": 10,
        "create_time": "2024-11-30T01:03:46.232727",
        "update_time": "2024-11-30T01:03:46.232728"
    },
    {
        "user_id": 8,
        "product_id": 4,
        "quantity": 2,
        "create_time": "2024-11-30T01:03:46.232730",
        "update_time": "2024-11-30T01:03:46.232731"
    },
    {
        "user_id": 6,
        "product_id": 16,
        "quantity": 4,
        "create_time": "2024-11-30T01:03:46.232736",
        "update_time": "2024-11-30T01:03:46.232737"
    },
    {
        "user_id": 14,
        "product_id": 20,
        "quantity": 6,
        "create_time": "2024-11-30T01:03:46.232739",
        "update_time": "2024-11-30T01:03:46.232740"
    },
    {
        "user_id": 4,
        "product_id": 19,
        "quantity": 5,
        "create_time": "2024-11-30T01:03:46.232743",
        "update_time": "2024-11-30T01:03:46.232744"
    },
    {
        "user_id": 10,
        "product_id": 9,
        "quantity": 1,
        "create_time": "2024-11-30T01:03:46.232746",
        "update_time": "2024-11-30T01:03:46.232747"
    },
    {
        "user_id": 16,
        "product_id": 5,
        "quantity": 4,
        "create_time": "2024-11-30T01:03:46.232749",
        "update_time": "2024-11-30T01:03:46.232750"
    },
    {
        "user_id": 20,
        "product_id": 2,
        "quantity": 4,
        "create_time": "2024-11-30T01:03:46.232753",
        "update_time": "2024-11-30T01:03:46.232754"
    },
    {
        "user_id": 17,
        "product_id": 11,
        "quantity": 6,
        "create_time": "2024-11-30T01:03:46.232756",
        "update_time": "2024-11-30T01:03:46.232757"
    },
    {
        "user_id": 16,
        "product_id": 16,
        "quantity": 4,
        "create_time": "2024-11-30T01:03:46.232760",
        "update_time": "2024-11-30T01:03:46.232767"
    },
    {
        "user_id": 7,
        "product_id": 13,
        "quantity": 8,
        "create_time": "2024-11-30T01:03:46.232770",
        "update_time": "2024-11-30T01:03:46.232771"
    },
    {
        "user_id": 7,
        "product_id": 11,
        "quantity": 4,
        "create_time": "2024-11-30T01:03:46.232773",
        "update_time": "2024-11-30T01:03:46.232774"
    },
    {
        "user_id": 1,
        "product_id": 2,
        "quantity": 7,
        "create_time": "2024-11-30T01:03:46.232777",
        "update_time": "2024-11-30T01:03:46.232778"
    },
    {
        "user_id": 1,
        "product_id": 2,
        "quantity": 9,
        "create_time": "2024-11-30T01:03:46.232780",
        "update_time": "2024-11-30T01:03:46.232781"
    },
    {
        "user_id": 13,
        "product_id": 11,
        "quantity": 8,
        "create_time": "2024-11-30T01:03:46.232784",
        "update_time": "2024-11-30T01:03:46.232785"
    },
    {
        "user_id": 12,
        "product_id": 5,
        "quantity": 6,
        "create_time": "2024-11-30T01:03:46.232787",
        "update_time": "2024-11-30T01:03:46.232788"
    },
    {
        "user_id": 9,
        "product_id": 6,
        "quantity": 1,
        "create_time": "2024-11-30T01:03:46.232790",
        "update_time": "2024-11-30T01:03:46.232792"
    },
    {
        "user_id": 9,
        "product_id": 13,
        "quantity": 7,
        "create_time": "2024-11-30T01:03:46.232794",
        "update_time": "2024-11-30T01:03:46.232795"
    },
    {
        "user_id": 14,
        "product_id": 18,
        "quantity": 10,
        "create_time": "2024-11-30T01:03:46.232797",
        "update_time": "2024-11-30T01:03:46.232798"
    },
    {
        "user_id": 18,
        "product_id": 19,
        "quantity": 9,
        "create_time": "2024-11-30T01:03:46.232801",
        "update_time": "2024-11-30T01:03:46.232802"
    },
    {
        "user_id": 16,
        "product_id": 20,
        "quantity": 10,
        "create_time": "2024-11-30T01:03:46.232804",
        "update_time": "2024-11-30T01:03:46.232805"
    },
    {
        "user_id": 1,
        "product_id": 14,
        "quantity": 6,
        "create_time": "2024-11-30T01:03:46.232807",
        "update_time": "2024-11-30T01:03:46.232808"
    },
    {
        "user_id": 5,
        "product_id": 16,
        "quantity": 8,
        "create_time": "2024-11-30T01:03:46.232811",
        "update_time": "2024-11-30T01:03:46.232812"
    },
    {
        "user_id": 1,
        "product_id": 11,
        "quantity": 1,
        "create_time": "2024-11-30T01:03:46.232814",
        "update_time": "2024-11-30T01:03:46.232815"
    },
    {
        "user_id": 15,
        "product_id": 11,
        "quantity": 6,
        "create_time": "2024-11-30T01:03:46.232818",
        "update_time": "2024-11-30T01:03:46.232819"
    },
    {
        "user_id": 16,
        "product_id": 14,
        "quantity": 1,
        "create_time": "2024-11-30T01:03:46.232822",
        "update_time": "2024-11-30T01:03:46.232823"
    },
    {
        "user_id": 15,
        "product_id": 18,
        "quantity": 9,
        "create_time": "2024-11-30T01:03:46.232826",
        "update_time": "2024-11-30T01:03:46.232827"
    },
    {
        "user_id": 13,
        "product_id": 8,
        "quantity": 8,
        "create_time": "2024-11-30T01:03:46.232829",
        "update_time": "2024-11-30T01:03:46.232830"
    },
    {
        "user_id": 19,
        "product_id": 17,
        "quantity": 10,
        "create_time": "2024-11-30T01:03:46.232832",
        "update_time": "2024-11-30T01:03:46.232833"
    },
    {
        "user_id": 20,
        "product_id": 17,
        "quantity": 2,
        "create_time": "2024-11-30T01:03:46.232836",
        "update_time": "2024-11-30T01:03:46.232837"
    },
    {
        "user_id": 4,
        "product_id": 6,
        "quantity": 10,
        "create_time": "2024-11-30T01:03:46.232839",
        "update_time": "2024-11-30T01:03:46.232840"
    },
    {
        "user_id": 12,
        "product_id": 18,
        "quantity": 7,
        "create_time": "2024-11-30T01:03:46.232843",
        "update_time": "2024-11-30T01:03:46.232844"
    },
    {
        "user_id": 2,
        "product_id": 19,
        "quantity": 2,
        "create_time": "2024-11-30T01:03:46.232846",
        "update_time": "2024-11-30T01:03:46.232847"
    },
    {
        "user_id": 12,
        "product_id": 19,
        "quantity": 9,
        "create_time": "2024-11-30T01:03:46.232850",
        "update_time": "2024-11-30T01:03:46.232851"
    },
    {
        "user_id": 3,
        "product_id": 18,
        "quantity": 4,
        "create_time": "2024-11-30T01:03:46.232853",
        "update_time": "2024-11-30T01:03:46.232855"
    },
    {
        "user_id": 12,
        "product_id": 14,
        "quantity": 6,
        "create_time": "2024-11-30T01:03:46.232857",
        "update_time": "2024-11-30T01:03:46.232858"
    },
    {
        "user_id": 8,
        "product_id": 6,
        "quantity": 2,
        "create_time": "2024-11-30T01:03:46.232861",
        "update_time": "2024-11-30T01:03:46.232862"
    },
    {
        "user_id": 18,
        "product_id": 9,
        "quantity": 8,
        "create_time": "2024-11-30T01:03:46.232864",
        "update_time": "2024-11-30T01:03:46.232865"
    },
    {
        "user_id": 6,
        "product_id": 12,
        "quantity": 4,
        "create_time": "2024-11-30T01:03:46.232868",
        "update_time": "2024-11-30T01:03:46.232869"
    },
    {
        "user_id": 8,
        "product_id": 16,
        "quantity": 6,
        "create_time": "2024-11-30T01:03:46.232871",
        "update_time": "2024-11-30T01:03:46.232872"
    },
    {
        "user_id": 1,
        "product_id": 10,
        "quantity": 9,
        "create_time": "2024-11-30T01:03:46.232874",
        "update_time": "2024-11-30T01:03:46.232875"
    },
    {
        "user_id": 20,
        "product_id": 12,
        "quantity": 6,
        "create_time": "2024-11-30T01:03:46.232878",
        "update_time": "2024-11-30T01:03:46.232879"
    },
    {
        "user_id": 20,
        "product_id": 1,
        "quantity": 9,
        "create_time": "2024-11-30T01:03:46.232881",
        "update_time": "2024-11-30T01:03:46.232882"
    },
    {
        "user_id": 15,
        "product_id": 9,
        "quantity": 6,
        "create_time": "2024-11-30T01:03:46.232885",
        "update_time": "2024-11-30T01:03:46.232886"
    },
    {
        "user_id": 7,
        "product_id": 3,
        "quantity": 7,
        "create_time": "2024-11-30T01:03:46.232888",
        "update_time": "2024-11-30T01:03:46.232889"
    },
    {
        "user_id": 18,
        "product_id": 4,
        "quantity": 1,
        "create_time": "2024-11-30T01:03:46.232892",
        "update_time": "2024-11-30T01:03:46.232893"
    },
    {
        "user_id": 20,
        "product_id": 18,
        "quantity": 3,
        "create_time": "2024-11-30T01:03:46.232895",
        "update_time": "2024-11-30T01:03:46.232896"
    },
    {
        "user_id": 8,
        "product_id": 10,
        "quantity": 5,
        "create_time": "2024-11-30T01:03:46.232899",
        "update_time": "2024-11-30T01:03:46.232900"
    },
    {
        "user_id": 3,
        "product_id": 11,
        "quantity": 2,
        "create_time": "2024-11-30T01:03:46.232903",
        "update_time": "2024-11-30T01:03:46.232904"
    },
    {
        "user_id": 15,
        "product_id": 20,
        "quantity": 9,
        "create_time": "2024-11-30T01:03:46.232906",
        "update_time": "2024-11-30T01:03:46.232907"
    },
    {
        "user_id": 17,
        "product_id": 17,
        "quantity": 5,
        "create_time": "2024-11-30T01:03:46.232910",
        "update_time": "2024-11-30T01:03:46.232911"
    },
    {
        "user_id": 15,
        "product_id": 15,
        "quantity": 4,
        "create_time": "2024-11-30T01:03:46.232913",
        "update_time": "2024-11-30T01:03:46.232914"
    },
    {
        "user_id": 17,
        "product_id": 15,
        "quantity": 7,
        "create_time": "2024-11-30T01:03:46.232917",
        "update_time": "2024-11-30T01:03:46.232918"
    },
    {
        "user_id": 19,
        "product_id": 10,
        "quantity": 7,
        "create_time": "2024-11-30T01:03:46.232920",
        "update_time": "2024-11-30T01:03:46.232921"
    },
    {
        "user_id": 15,
        "product_id": 20,
        "quantity": 3,
        "create_time": "2024-11-30T01:03:46.232923",
        "update_time": "2024-11-30T01:03:46.232924"
    },
    {
        "user_id": 9,
        "product_id": 12,
        "quantity": 6,
        "create_time": "2024-11-30T01:03:46.232927",
        "update_time": "2024-11-30T01:03:46.232928"
    },
    {
        "user_id": 14,
        "product_id": 17,
        "quantity": 1,
        "create_time": "2024-11-30T01:03:46.232930",
        "update_time": "2024-11-30T01:03:46.232931"
    },
    {
        "user_id": 2,
        "product_id": 8,
        "quantity": 8,
        "create_time": "2024-11-30T01:03:46.232933",
        "update_time": "2024-11-30T01:03:46.232934"
    },
    {
        "user_id": 10,
        "product_id": 12,
        "quantity": 5,
        "create_time": "2024-11-30T01:03:46.232937",
        "update_time": "2024-11-30T01:03:46.232938"
    },
    {
        "user_id": 9,
        "product_id": 16,
        "quantity": 3,
        "create_time": "2024-11-30T01:03:46.232940",
        "update_time": "2024-11-30T01:03:46.232942"
    },
    {
        "user_id": 18,
        "product_id": 18,
        "quantity": 5,
        "create_time": "2024-11-30T01:03:46.232944",
        "update_time": "2024-11-30T01:03:46.232945"
    },
    {
        "user_id": 13,
        "product_id": 10,
        "quantity": 2,
        "create_time": "2024-11-30T01:03:46.232948",
        "update_time": "2024-11-30T01:03:46.232949"
    },
    {
        "user_id": 20,
        "product_id": 12,
        "quantity": 7,
        "create_time": "2024-11-30T01:03:46.232951",
        "update_time": "2024-11-30T01:03:46.232952"
    },
    {
        "user_id": 11,
        "product_id": 6,
        "quantity": 1,
        "create_time": "2024-11-30T01:03:46.232955",
        "update_time": "2024-11-30T01:03:46.232956"
    },
    {
        "user_id": 19,
        "product_id": 8,
        "quantity": 10,
        "create_time": "2024-11-30T01:03:46.232959",
        "update_time": "2024-11-30T01:03:46.232960"
    },
    {
        "user_id": 7,
        "product_id": 16,
        "quantity": 6,
        "create_time": "2024-11-30T01:03:46.232962",
        "update_time": "2024-11-30T01:03:46.232963"
    },
    {
        "user_id": 18,
        "product_id": 7,
        "quantity": 1,
        "create_time": "2024-11-30T01:03:46.232965",
        "update_time": "2024-11-30T01:03:46.232966"
    },
    {
        "user_id": 5,
        "product_id": 7,
        "quantity": 6,
        "create_time": "2024-11-30T01:03:46.232969",
        "update_time": "2024-11-30T01:03:46.232970"
    },
    {
        "user_id": 15,
        "product_id": 10,
        "quantity": 10,
        "create_time": "2024-11-30T01:03:46.232972",
        "update_time": "2024-11-30T01:03:46.232973"
    },
    {
        "user_id": 16,
        "product_id": 17,
        "quantity": 1,
        "create_time": "2024-11-30T01:03:46.232976",
        "update_time": "2024-11-30T01:03:46.232977"
    },
    {
        "user_id": 1,
        "product_id": 16,
        "quantity": 5,
        "create_time": "2024-11-30T01:03:46.232979",
        "update_time": "2024-11-30T01:03:46.232980"
    },
    {
        "user_id": 12,
        "product_id": 7,
        "quantity": 5,
        "create_time": "2024-11-30T01:03:46.232983",
        "update_time": "2024-11-30T01:03:46.232984"
    },
    {
        "user_id": 13,
        "product_id": 6,
        "quantity": 9,
        "create_time": "2024-11-30T01:03:46.232987",
        "update_time": "2024-11-30T01:03:46.232988"
    },
    {
        "user_id": 14,
        "product_id": 7,
        "quantity": 1,
        "create_time": "2024-11-30T01:03:46.232991",
        "update_time": "2024-11-30T01:03:46.232992"
    },
    {
        "user_id": 19,
        "product_id": 1,
        "quantity": 6,
        "create_time": "2024-11-30T01:03:46.232994",
        "update_time": "2024-11-30T01:03:46.232995"
    },
    {
        "user_id": 16,
        "product_id": 1,
        "quantity": 5,
        "create_time": "2024-11-30T01:03:46.232997",
        "update_time": "2024-11-30T01:03:46.232998"
    },
    {
        "user_id": 10,
        "product_id": 18,
        "quantity": 1,
        "create_time": "2024-11-30T01:03:46.233001",
        "update_time": "2024-11-30T01:03:46.233002"
    },
    {
        "user_id": 15,
        "product_id": 13,
        "quantity": 8,
        "create_time": "2024-11-30T01:03:46.233004",
        "update_time": "2024-11-30T01:03:46.233005"
    },
    {
        "user_id": 12,
        "product_id": 8,
        "quantity": 6,
        "create_time": "2024-11-30T01:03:46.233007",
        "update_time": "2024-11-30T01:03:46.233008"
    },
    {
        "user_id": 13,
        "product_id": 18,
        "quantity": 10,
        "create_time": "2024-11-30T01:03:46.233011",
        "update_time": "2024-11-30T01:03:46.233012"
    },
    {
        "user_id": 5,
        "product_id": 17,
        "quantity": 4,
        "create_time": "2024-11-30T01:03:46.233014",
        "update_time": "2024-11-30T01:03:46.233015"
    },
    {
        "user_id": 4,
        "product_id": 12,
        "quantity": 1,
        "create_time": "2024-11-30T01:03:46.233018",
        "update_time": "2024-11-30T01:03:46.233019"
    },
    {
        "user_id": 19,
        "product_id": 20,
        "quantity": 3,
        "create_time": "2024-11-30T01:03:46.233021",
        "update_time": "2024-11-30T01:03:46.233022"
    },
    {
        "user_id": 1,
        "product_id": 10,
        "quantity": 3,
        "create_time": "2024-11-30T01:03:46.233024",
        "update_time": "2024-11-30T01:03:46.233025"
    },
    {
        "user_id": 7,
        "product_id": 7,
        "quantity": 1,
        "create_time": "2024-11-30T01:03:46.233028",
        "update_time": "2024-11-30T01:03:46.233033"
    },
    {
        "user_id": 13,
        "product_id": 14,
        "quantity": 2,
        "create_time": "2024-11-30T01:03:46.233037",
        "update_time": "2024-11-30T01:03:46.233038"
    },
    {
        "user_id": 6,
        "product_id": 9,
        "quantity": 7,
        "create_time": "2024-11-30T01:03:46.233040",
        "update_time": "2024-11-30T01:03:46.233041"
    },
    {
        "user_id": 11,
        "product_id": 13,
        "quantity": 8,
        "create_time": "2024-11-30T01:03:46.233044",
        "update_time": "2024-11-30T01:03:46.233045"
    },
    {
        "user_id": 8,
        "product_id": 17,
        "quantity": 5,
        "create_time": "2024-11-30T01:03:46.233047",
        "update_time": "2024-11-30T01:03:46.233048"
    },
    {
        "user_id": 8,
        "product_id": 4,
        "quantity": 3,
        "create_time": "2024-11-30T01:03:46.233051",
        "update_time": "2024-11-30T01:03:46.233052"
    }
]