[
    {
        "user_id": 8,
        "product_id": 7,
        "create_time": "2024-11-30T01:03:51.063953",
        "update_time": "2024-11-30T01:03:51.063966"
    },
    {
        "user_id": 3,
        "product_id": 13,
        "create_time": "2024-11-30T01:03:51.063969",
        "update_time": "2024-11-30T01:03:51.063970"
    },
    {
        "user_id": 12,
        "product_id": 4,
        "create_time": "2024-11-30T01:03:51.063972",
        "update_time": "2024-11-30T01:03:51.063973"
    },
    {
        "user_id": 13,
        "product_id": 3,
        "create_time": "2024-11-30T01:03:51.063975",
        "update_time": "2024-11-30T01:03:51.063976"
    },
    {
        "user_id": 2,
        "product_id": 6,
        "create_time": "2024-11-30T01:03:51.063979",
        "update_time": "2024-11-30T01:03:51.063980"
    },
    {
        "user_id": 12,
        "product_id": 3,
        "create_time": "2024-11-30T01:03:51.063982",
        "update_time": "2024-11-30T01:03:51.063983"
    },
    {
        "user_id": 4,
        "product_id": 4,
        "create_time": "2024-11-30T01:03:51.063985",
        "update_time": "2024-11-30T01:03:51.063986"
    },
    {
        "user_id": 13,
        "product_id": 13,
        "create_time": "2024-11-30T01:03:51.063988",
        "update_time": "2024-11-30T01:03:51.063989"
    },
    {
        "user_id": 3,
        "product_id": 20,
        "create_time": "2024-11-30T01:03:51.063991",
        "update_time": "2024-11-30T01:03:51.063992"
    },
    {
        "user_id": 18,
        "product_id": 18,
        "create_time": "2024-11-30T01:03:51.063994",
        "update_time": "2024-11-30T01:03:51.063995"
    },
    {
        "user_id": 16,
        "product_id": 2,
        "create_time": "2024-11-30T01:03:51.063997",
        "update_time": "2024-11-30T01:03:51.063998"
    },
    {
        "user_id": 14,
        "product_id": 13,
        "create_time": "2024-11-30T01:03:51.064000",
        "update_time": "2024-11-30T01:03:51.064001"
    },
    {
        "user_id": 19,
        "product_id": 13,
        "create_time": "2024-11-30T01:03:51.064004",
        "update_time": "2024-11-30T01:03:51.064005"
    },
    {
        "user_id": 20,
        "product_id": 13,
        "create_time": "2024-11-30T01:03:51.064007",
        "update_time": "2024-11-30T01:03:51.064008"
    },
    {
        "user_id": 11,
        "product_id": 8,
        "create_time": "2024-11-30T01:03:51.064010",
        "update_time": "2024-11-30T01:03:51.064011"
    },
    {
        "user_id": 5,
        "product_id": 5,
        "create_time": "2024-11-30T01:03:51.064013",
        "update_time": "2024-11-30T01:03:51.064014"
    },
    {
        "user_id": 18,
        "product_id": 15,
        "create_time": "2024-11-30T01:03:51.064016",
        "update_time": "2024-11-30T01:03:51.064018"
    },
    {
        "user_id": 18,
        "product_id": 16,
        "create_time": "2024-11-30T01:03:51.064022",
        "update_time": "2024-11-30T01:03:51.064023"
    },
    {
        "user_id": 7,
        "product_id": 3,
        "create_time": "2024-11-30T01:03:51.064026",
        "update_time": "2024-11-30T01:03:51.064027"
    },
    {
        "user_id": 15,
        "product_id": 9,
        "create_time": "2024-11-30T01:03:51.064029",
        "update_time": "2024-11-30T01:03:51.064030"
    },
    {
        "user_id": 4,
        "product_id": 9,
        "create_time": "2024-11-30T01:03:51.064032",
        "update_time": "2024-11-30T01:03:51.064033"
    },
    {
        "user_id": 18,
        "product_id": 9,
        "create_time": "2024-11-30T01:03:51.064035",
        "update_time": "2024-11-30T01:03:51.064036"
    },
    {
        "user_id": 4,
        "product_id": 6,
        "create_time": "2024-11-30T01:03:51.064038",
        "update_time": "2024-11-30T01:03:51.064039"
    },
    {
        "user_id": 19,
        "product_id": 13,
        "create_time": "2024-11-30T01:03:51.064041",
        "update_time": "2024-11-30T01:03:51.064042"
    },
    {
        "user_id": 9,
        "product_id": 6,
        "create_time": "2024-11-30T01:03:51.064044",
        "update_time": "2024-11-30T01:03:51.064045"
    },
    {
        "user_id": 10,
        "product_id": 4,
        "create_time": "2024-11-30T01:03:51.064047",
        "update_time": "2024-11-30T01:03:51.064048"
    },
    {
        "user_id": 3,
        "product_id": 8,
        "create_time": "2024-11-30T01:03:51.064050",
        "update_time": "2024-11-30T01:03:51.064051"
    },
    {
        "user_id": 8,
        "product_id": 10,
        "create_time": "2024-11-30T01:03:51.064053",
        "update_time": "2024-11-30T01:03:51.064054"
    },
    {
        "user_id": 11,
        "product_id": 3,
        "create_time": "2024-11-30T01:03:51.064056",
        "update_time": "2024-11-30T01:03:51.064057"
    },
    {
        "user_id": 8,
        "product_id": 15,
        "create_time": "2024-11-30T01:03:51.064059",
        "update_time": "2024-11-30T01:03:51.064060"
    },
    {
        "user_id": 14,
        "product_id": 4,
        "create_time": "2024-11-30T01:03:51.064062",
        "update_time": "2024-11-30T01:03:51.064063"
    },
    {
        "user_id": 14,
        "product_id": 3,
        "create_time": "2024-11-30T01:03:51.064065",
        "update_time": "2024-11-30T01:03:51.064066"
    },
    {
        "user_id": 12,
        "product_id": 16,
        "create_time": "2024-11-30T01:03:51.064068",
        "update_time": "2024-11-30T01:03:51.064069"
    },
    {
        "user_id": 2,
        "product_id": 2,
        "create_time": "2024-11-30T01:03:51.064071",
        "update_time": "2024-11-30T01:03:51.064072"
    },
    {
        "user_id": 10,
        "product_id": 12,
        "create_time": "2024-11-30T01:03:51.064074",
        "update_time": "2024-11-30T01:03:51.064075"
    },
    {
        "user_id": 6,
        "product_id": 11,
        "create_time": "2024-11-30T01:03:51.064078",
        "update_time": "2024-11-30T01:03:51.064079"
    },
    {
        "user_id": 6,
        "product_id": 17,
        "create_time": "2024-11-30T01:03:51.064082",
        "update_time": "2024-11-30T01:03:51.064083"
    },
    {
        "user_id": 5,
        "product_id": 20,
        "create_time": "2024-11-30T01:03:51.064085",
        "update_time": "2024-11-30T01:03:51.064086"
    },
    {
        "user_id": 20,
        "product_id": 20,
        "create_time": "2024-11-30T01:03:51.064088",
        "update_time": "2024-11-30T01:03:51.064089"
    },
    {
        "user_id": 15,
        "product_id": 7,
        "create_time": "2024-11-30T01:03:51.064091",
        "update_time": "2024-11-30T01:03:51.064092"
    },
    {
        "user_id": 7,
        "product_id": 10,
        "create_time": "2024-11-30T01:03:51.064094",
        "update_time": "2024-11-30T01:03:51.064095"
    },
    {
        "user_id": 11,
        "product_id": 10,
        "create_time": "2024-11-30T01:03:51.064097",
        "update_time": "2024-11-30T01:03:51.064098"
    },
    {
        "user_id": 5,
        "product_id": 18,
        "create_time": "2024-11-30T01:03:51.064101",
        "update_time": "2024-11-30T01:03:51.064102"
    },
    {
        "user_id": 8,
        "product_id": 7,
        "create_time": "2024-11-30T01:03:51.064104",
        "update_time": "2024-11-30T01:03:51.064105"
    },
    {
        "user_id": 15,
        "product_id": 12,
        "create_time": "2024-11-30T01:03:51.064107",
        "update_time": "2024-11-30T01:03:51.064108"
    },
    {
        "user_id": 9,
        "product_id": 12,
        "create_time": "2024-11-30T01:03:51.064110",
        "update_time": "2024-11-30T01:03:51.064111"
    },
    {
        "user_id": 15,
        "product_id": 1,
        "create_time": "2024-11-30T01:03:51.064113",
        "update_time": "2024-11-30T01:03:51.064114"
    },
    {
        "user_id": 6,
        "product_id": 4,
        "create_time": "2024-11-30T01:03:51.064117",
        "update_time": "2024-11-30T01:03:51.064118"
    },
    {
        "user_id": 14,
        "product_id": 8,
        "create_time": "2024-11-30T01:03:51.064120",
        "update_time": "2024-11-30T01:03:51.064121"
    },
    {
        "user_id": 16,
        "product_id": 6,
        "create_time": "2024-11-30T01:03:51.064123",
        "update_time": "2024-11-30T01:03:51.064124"
    },
    {
        "user_id": 5,
        "product_id": 18,
        "create_time": "2024-11-30T01:03:51.064126",
        "update_time": "2024-11-30T01:03:51.064127"
    },
    {
        "user_id": 8,
        "product_id": 14,
        "create_time": "2024-11-30T01:03:51.064129",
        "update_time": "2024-11-30T01:03:51.064130"
    },
    {
        "user_id": 8,
        "product_id": 20,
        "create_time": "2024-11-30T01:03:51.064132",
        "update_time": "2024-11-30T01:03:51.064133"
    },
    {
        "user_id": 18,
        "product_id": 5,
        "create_time": "2024-11-30T01:03:51.064135",
        "update_time": "2024-11-30T01:03:51.064136"
    },
    {
        "user_id": 4,
        "product_id": 2,
        "create_time": "2024-11-30T01:03:51.064138",
        "update_time": "2024-11-30T01:03:51.064139"
    },
    {
        "user_id": 3,
        "product_id": 12,
        "create_time": "2024-11-30T01:03:51.064141",
        "update_time": "2024-11-30T01:03:51.064142"
    },
    {
        "user_id": 16,
        "product_id": 8,
        "create_time": "2024-11-30T01:03:51.064144",
        "update_time": "2024-11-30T01:03:51.064145"
    },
    {
        "user_id": 6,
        "product_id": 15,
        "create_time": "2024-11-30T01:03:51.064147",
        "update_time": "2024-11-30T01:03:51.064148"
    },
    {
        "user_id": 4,
        "product_id": 10,
        "create_time": "2024-11-30T01:03:51.064151",
        "update_time": "2024-11-30T01:03:51.064152"
    },
    {
        "user_id": 5,
        "product_id": 10,
        "create_time": "2024-11-30T01:03:51.064154",
        "update_time": "2024-11-30T01:03:51.064155"
    },
    {
        "user_id": 8,
        "product_id": 19,
        "create_time": "2024-11-30T01:03:51.064157",
        "update_time": "2024-11-30T01:03:51.064158"
    },
    {
        "user_id": 9,
        "product_id": 12,
        "create_time": "2024-11-30T01:03:51.064160",
        "update_time": "2024-11-30T01:03:51.064161"
    },
    {
        "user_id": 20,
        "product_id": 4,
        "create_time": "2024-11-30T01:03:51.064163",
        "update_time": "2024-11-30T01:03:51.064164"
    },
    {
        "user_id": 19,
        "product_id": 9,
        "create_time": "2024-11-30T01:03:51.064166",
        "update_time": "2024-11-30T01:03:51.064167"
    },
    {
        "user_id": 17,
        "product_id": 7,
        "create_time": "2024-11-30T01:03:51.064169",
        "update_time": "2024-11-30T01:03:51.064170"
    },
    {
        "user_id": 16,
        "product_id": 1,
        "create_time": "2024-11-30T01:03:51.064172",
        "update_time": "2024-11-30T01:03:51.064173"
    },
    {
        "user_id": 4,
        "product_id": 9,
        "create_time": "2024-11-30T01:03:51.064176",
        "update_time": "2024-11-30T01:03:51.064177"
    },
    {
        "user_id": 10,
        "product_id": 17,
        "create_time": "2024-11-30T01:03:51.064179",
        "update_time": "2024-11-30T01:03:51.064181"
    },
    {
        "user_id": 9,
        "product_id": 6,
        "create_time": "2024-11-30T01:03:51.064183",
        "update_time": "2024-11-30T01:03:51.064184"
    },
    {
        "user_id": 10,
        "product_id": 1,
        "create_time": "2024-11-30T01:03:51.064186",
        "update_time": "2024-11-30T01:03:51.064187"
    },
    {
        "user_id": 13,
        "product_id": 13,
        "create_time": "2024-11-30T01:03:51.064189",
        "update_time": "2024-11-30T01:03:51.064190"
    },
    {
        "user_id": 20,
        "product_id": 20,
        "create_time": "2024-11-30T01:03:51.064192",
        "update_time": "2024-11-30T01:03:51.064193"
    },
    {
        "user_id": 14,
        "product_id": 15,
        "create_time": "2024-11-30T01:03:51.064195",
        "update_time": "2024-11-30T01:03:51.064196"
    },
    {
        "user_id": 6,
        "product_id": 17,
        "create_time": "2024-11-30T01:03:51.064198",
        "update_time": "2024-11-30T01:03:51.064199"
    },
    {
        "user_id": 8,
        "product_id": 18,
        "create_time": "2024-11-30T01:03:51.064201",
        "update_time": "2024-11-30T01:03:51.064202"
    },
    {
        "user_id": 1,
        "product_id": 5,
        "create_time": "2024-11-30T01:03:51.064204",
        "update_time": "2024-11-30T01:03:51.064205"
    },
    {
        "user_id": 12,
        "product_id": 17,
        "create_time": "2024-11-30T01:03:51.064207",
        "update_time": "2024-11-30T01:03:51.064208"
    },
    {
        "user_id": 3,
        "product_id": 13,
        "create_time": "2024-11-30T01:03:51.064210",
        "update_time": "2024-11-30T01:03:51.064211"
    },
    {
        "user_id": 1,
        "product_id": 14,
        "create_time": "2024-11-30T01:03:51.064213",
        "update_time": "2024-11-30T01:03:51.064214"
    },
    {
        "user_id": 10,
        "product_id": 10,
        "create_time": "2024-11-30T01:03:51.064216",
        "update_time": "2024-11-30T01:03:51.064217"
    },
    {
        "user_id": 19,
        "product_id": 20,
        "create_time": "2024-11-30T01:03:51.064219",
        "update_time": "2024-11-30T01:03:51.064220"
    },
    {
        "user_id": 3,
        "product_id": 19,
        "create_time": "2024-11-30T01:03:51.064224",
        "update_time": "2024-11-30T01:03:51.064225"
    },
    {
        "user_id": 11,
        "product_id": 5,
        "create_time": "2024-11-30T01:03:51.064227",
        "update_time": "2024-11-30T01:03:51.064228"
    },
    {
        "user_id": 19,
        "product_id": 1,
        "create_time": "2024-11-30T01:03:51.064230",
        "update_time": "2024-11-30T01:03:51.064231"
    },
    {
        "user_id": 15,
        "product_id": 2,
        "create_time": "2024-11-30T01:03:51.064233",
        "update_time": "2024-11-30T01:03:51.064234"
    },
    {
        "user_id": 10,
        "product_id": 8,
        "create_time": "2024-11-30T01:03:51.064236",
        "update_time": "2024-11-30T01:03:51.064237"
    },
    {
        "user_id": 20,
        "product_id": 16,
        "create_time": "2024-11-30T01:03:51.064239",
        "update_time": "2024-11-30T01:03:51.064240"
    },
    {
        "user_id": 4,
        "product_id": 13,
        "create_time": "2024-11-30T01:03:51.064242",
        "update_time": "2024-11-30T01:03:51.064243"
    },
    {
        "user_id": 13,
        "product_id": 15,
        "create_time": "2024-11-30T01:03:51.064246",
        "update_time": "2024-11-30T01:03:51.064247"
    },
    {
        "user_id": 8,
        "product_id": 19,
        "create_time": "2024-11-30T01:03:51.064249",
        "update_time": "2024-11-30T01:03:51.064250"
    },
    {
        "user_id": 16,
        "product_id": 12,
        "create_time": "2024-11-30T01:03:51.064252",
        "update_time": "2024-11-30T01:03:51.064253"
    },
    {
        "user_id": 9,
        "product_id": 9,
        "create_time": "2024-11-30T01:03:51.064255",
        "update_time": "2024-11-30T01:03:51.064256"
    },
    {
        "user_id": 2,
        "product_id": 2,
        "create_time": "2024-11-30T01:03:51.064270",
        "update_time": "2024-11-30T01:03:51.064271"
    },
    {
        "user_id": 14,
        "product_id": 9,
        "create_time": "2024-11-30T01:03:51.064273",
        "update_time": "2024-11-30T01:03:51.064274"
    },
    {
        "user_id": 8,
        "product_id": 20,
        "create_time": "2024-11-30T01:03:51.064276",
        "update_time": "2024-11-30T01:03:51.064277"
    },
    {
        "user_id": 2,
        "product_id": 7,
        "create_time": "2024-11-30T01:03:51.064279",
        "update_time": "2024-11-30T01:03:51.064280"
    },
    {
        "user_id": 20,
        "product_id": 4,
        "create_time": "2024-11-30T01:03:51.064282",
        "update_time": "2024-11-30T01:03:51.064283"
    },
    {
        "user_id": 10,
        "product_id": 7,
        "create_time": "2024-11-30T01:03:51.064285",
        "update_time": "2024-11-30T01:03:51.064286"
    },
    {
        "user_id": 18,
        "product_id": 7,
        "create_time": "2024-11-30T01:03:51.064288",
        "update_time": "2024-11-30T01:03:51.064289"
    },
    {
        "user_id": 4,
        "product_id": 9,
        "create_time": "2024-11-30T01:03:51.064291",
        "update_time": "2024-11-30T01:03:51.064292"
    }
]