[
    {
        "user_id": 1,
        "username": "hlopez",
        "password": "+yNcFtMut5",
        "email": "christopher62@example.com",
        "address": "PSC 0020, Box 6526\nAPO AP 36077",
        "create_time": "2024-10-16T19:30:54.173038",
        "update_time": "2024-10-16T19:30:54.173049"
    },
    {
        "user_id": 2,
        "username": "cwilliams",
        "password": "x#uqS2EgmJ",
        "email": "brenda14@example.org",
        "address": "850 Salinas Vista\nKennedyside, WI 62309",
        "create_time": "2024-10-16T19:30:54.173601",
        "update_time": "2024-10-16T19:30:54.173606"
    },
    {
        "user_id": 3,
        "username": "jessicajenkins",
        "password": "l6V0T7y9@D",
        "email": "wsmith@example.org",
        "address": "82215 Krystal Shore Apt. 024\nSouth Kenneth, OK 98248",
        "create_time": "2024-10-16T19:30:54.174139",
        "update_time": "2024-10-16T19:30:54.174144"
    },
    {
        "user_id": 4,
        "username": "sosaeric",
        "password": "4KZ@FnNs^I",
        "email": "ginasullivan@example.org",
        "address": "54084 Joseph Harbor\nJamesmouth, MP 58768",
        "create_time": "2024-10-16T19:30:54.174665",
        "update_time": "2024-10-16T19:30:54.174669"
    },
    {
        "user_id": 5,
        "username": "jessicajones",
        "password": "&@7d54Rj%#",
        "email": "anthonywerner@example.net",
        "address": "93354 Lauren Spur\nAmyfurt, IA 15527",
        "create_time": "2024-10-16T19:30:54.175169",
        "update_time": "2024-10-16T19:30:54.175173"
    },
    {
        "user_id": 6,
        "username": "derrickoconnor",
        "password": "_D3VGSEd@U",
        "email": "princesharon@example.org",
        "address": "99190 Rebekah Mission Apt. 131\nGreenhaven, TX 90972",
        "create_time": "2024-10-16T19:30:54.175690",
        "update_time": "2024-10-16T19:30:54.175694"
    },
    {
        "user_id": 7,
        "username": "matthewandersen",
        "password": "@0eNJDgu+T",
        "email": "emilyhall@example.com",
        "address": "782 Antonio Ports\nWest Kellyburgh, VT 41601",
        "create_time": "2024-10-16T19:30:54.176169",
        "update_time": "2024-10-16T19:30:54.176172"
    },
    {
        "user_id": 8,
        "username": "crawfordolivia",
        "password": "$P+FgFPXd4",
        "email": "wilsonjoseph@example.org",
        "address": "459 Angela Oval Suite 304\nThomasberg, MN 48609",
        "create_time": "2024-10-16T19:30:54.176652",
        "update_time": "2024-10-16T19:30:54.176655"
    },
    {
        "user_id": 9,
        "username": "cstanton",
        "password": "rp0CCwvjw^",
        "email": "wilcoxhenry@example.com",
        "address": "02949 Nathan Way\nWheelerhaven, LA 44621",
        "create_time": "2024-10-16T19:30:54.177111",
        "update_time": "2024-10-16T19:30:54.177114"
    },
    {
        "user_id": 10,
        "username": "iprice",
        "password": "yfD1TRTE@0",
        "email": "craneamber@example.org",
        "address": "54199 Carter Mall Apt. 157\nWilliamsborough, TN 52841",
        "create_time": "2024-10-16T19:30:54.177591",
        "update_time": "2024-10-16T19:30:54.177594"
    },
    {
        "user_id": 11,
        "username": "samantha93",
        "password": "X+9Oxv1$tD",
        "email": "maryhardy@example.net",
        "address": "07745 Mario Turnpike\nGambleview, GA 94332",
        "create_time": "2024-10-16T19:30:54.178046",
        "update_time": "2024-10-16T19:30:54.178050"
    },
    {
        "user_id": 12,
        "username": "cabreralaura",
        "password": "+%8_BB_#Sm",
        "email": "tstephenson@example.com",
        "address": "8137 Miller Center\nDaviston, NY 23652",
        "create_time": "2024-10-16T19:30:54.178523",
        "update_time": "2024-10-16T19:30:54.178527"
    },
    {
        "user_id": 13,
        "username": "washingtonjames",
        "password": "A%Y5OU5xF_",
        "email": "patricia46@example.org",
        "address": "9722 Griffith Highway\nNorth Wendymouth, OK 03572",
        "create_time": "2024-10-16T19:30:54.178946",
        "update_time": "2024-10-16T19:30:54.178949"
    },
    {
        "user_id": 14,
        "username": "pwright",
        "password": "$#^$eUPk1(",
        "email": "daniel41@example.net",
        "address": "889 Patrick Pines\nEast Edwardport, AK 50148",
        "create_time": "2024-10-16T19:30:54.179326",
        "update_time": "2024-10-16T19:30:54.179329"
    },
    {
        "user_id": 15,
        "username": "qcollier",
        "password": "9UqXP%sq+C",
        "email": "ogarza@example.net",
        "address": "69167 Stephens Shoal Apt. 412\nCourtneyville, FM 27854",
        "create_time": "2024-10-16T19:30:54.179728",
        "update_time": "2024-10-16T19:30:54.179731"
    },
    {
        "user_id": 16,
        "username": "james60",
        "password": "e8%2$5Raoy",
        "email": "amartinez@example.net",
        "address": "5946 Bradshaw Harbor\nNew Marissa, WV 77805",
        "create_time": "2024-10-16T19:30:54.180091",
        "update_time": "2024-10-16T19:30:54.180094"
    },
    {
        "user_id": 17,
        "username": "nweaver",
        "password": "*4D(2Lq)r_",
        "email": "blairdeborah@example.com",
        "address": "7255 Daniel Divide Suite 710\nValenciaton, NC 97329",
        "create_time": "2024-10-16T19:30:54.180544",
        "update_time": "2024-10-16T19:30:54.180547"
    },
    {
        "user_id": 18,
        "username": "gregory34",
        "password": "a+i3(HImrj",
        "email": "sherry60@example.com",
        "address": "38236 Perez Village Suite 161\nNew Edwinburgh, AR 92337",
        "create_time": "2024-10-16T19:30:54.180892",
        "update_time": "2024-10-16T19:30:54.180895"
    },
    {
        "user_id": 19,
        "username": "karengarcia",
        "password": "Ztz8MEroe^",
        "email": "ronniemccarthy@example.com",
        "address": "024 Pugh Estate\nLake Mikaylaburgh, SC 29964",
        "create_time": "2024-10-16T19:30:54.181391",
        "update_time": "2024-10-16T19:30:54.181394"
    },
    {
        "user_id": 20,
        "username": "stacy09",
        "password": "*97Sx6lle!",
        "email": "coreygill@example.net",
        "address": "4217 Young Course Apt. 536\nPort Gregoryshire, NC 82838",
        "create_time": "2024-10-16T19:30:54.181818",
        "update_time": "2024-10-16T19:30:54.181820"
    }
]